comment_text,toxic,lang,toxicity_prob,toxicity_label
"Ciao, ho visto cosa hai creato e devo dire che è una F-I-G-A-T-A assurda!! Lo voglio subito aggiungere alla mia pagina, ho provato a modificarlo aggiungendo qualche riga (per espandre gli interessi e le caratteristiche) ma non funziona, come devo fare???    GABRIELE    ·    DEULOFLEU    ™  Fatto, ho inserito qualche suggerimento, appena sarà pronto me lo metto subito!   GABRIELE    ·    DEULOFLEU    ™ ",0,it,0.48401025,0
"Ahhh, il buon vecchio   lumbaart   (o come si scrive) Bramfab che come al solito compie la sua quotidiana opera di   whitewashing   censorio, propagandistico, apologetico, revisionista, negazionista, pro-settentrionale sulla pagina del criminale di guerra Cialdini... ) Certe cose non cambiano mai! 93.144.197.",1,it,0.49449942,0
"Trixt , te lo dico con tutto il cuore VERGOGNATI ! Devi vergognarti perchè la tua unica arma è bloccare gli utenti non permettendogli di rispondere e di svolgere la loro attività VERGOGNATI QUAQQUARAQQUA  che non sei altro ! Ribadisco l  invito agli amministratori più rispettabili e più seri ma si può sapere cosa aspettate a bloccare questo e altre teste di minchia più comunemente definite   amministratori   infinitamente ? Questo come si permette a bloccarmi inifinitamente ? Ma per cosa poi ? Adesso capisco chi è che mi ha cancellato le foto , chi mi modificava i pezzi di testo , chi mi cancellava persino le proteste sulle pagine di discussione . Sono gentaglia come te che rende questo portale invivibile e antidemocratico , altro che enciclopedia libera ! Amministratori veri , se ci siete , se siete vivi , se mi state ascoltando , bloccate questo cretino prima che sia troppo tardi . L  utente siracusa",1,it,0.49349514,0
"No, mai. Soltanto che sapevo della tua visita spagnola e non volevo disturbarti. E poi, sai, adesso stanno finendo i campionati ed il lavoro aumenta....Cmq, vi seguo tutti i giorni. Hai visto che ho finalmente messo Massimini Sandro??. Ultima curiosità, perchè se digito sulla ricerca,  massimini  mi esce un comune, mi sembra sardo? Vacci a capire qualcosa....!! Ciao grande, a presto. Jevola (msg) Alalà.",0,it,0.4594725,0
"Il tuo problema è che pretendi di insegnarmi la morale, sei peggio di Cristo, e senza nessuna autorità.    F   εlγx, (miao) ",1,it,0.47282183,0
Mi fai una testa grossa così che non si cancellano le discussioni utente e poi mi chiedi di cancellare il mio intervento? Io lo cancellerò solo se tu cancellerai i tuoi. E comunque contro le regole ci andresti anche tu   se non fossi un amministratore e quindi    un utente privilegiato     ,0,it,0.49838257,0
"Bene ) Anche su Commons puoi crearti una pagina utente, come hai fatto qui. Trasferire le immagini caricate qui verso Commons è facilissimo: segui la procedura guidata, trovi il link nella pagina di ciascuna immagine, nella tabella gialla sotto la licenza.      LaPizia      ",0,it,0.4579874,0
"(illustre) tuo richiesto. Che italiano scorreggiuto che ho usato ^__^. Comunque, caro professore-artista... siamo sempre lì con la storia della consecutio temporum... quando hai tempo (con comodo entro domani ^__^) dai un occhiata a questa diatriba (e sopra)? Grazie e buon rientro (porello te o porelli i tuoi sudditi/studenti?) Amon(☎telefono-casa...) 00:18, Set 9, 2005 (CEST)",0,it,0.45429996,0
"Precisiamo alcune cose, di cui mi perdonerai l ovvietà:  fonte  è una cosa, frasi quasi identiche sono un altra (nel caso specifico per la precisione si trattava di *un periodo* che non ho eliminato ma ho riformulato, correggendo pure il template quote). Bene citare le fonti, come correttamente hai fatto, ma dalle tue parole (scusa se spacco il capello in quattro ma non ne posso fare a meno) evinco che sia tu che i curatori del sito abbiate preso alcune frasi dall opera che mi citi (e che non credo sia di pubblico dominio, essendo l autore, mi dici, morto da una trentina d anni) e lo abbiate fatto paro paro, il che non significa utilizzare una fonte. Niente di grave, anche perché non è andata persa nessuna informazione dalla voce. La cronologia, però, per prudenza rimane dov è.    Atto        Renato (de gustibus)      ",0,it,0.4484363,0
"Nel senso che dovrebbe saltare un certo genere di voci? Oppure dovrebbe motivare in un altro modo il rollback? Se dai una occhiata ai contributi del bot (es.  Coglione ,  Merda ...) ci sono stati diversi casi in cui ha individuato un vandalismo, casi in cui qualcuno ha anche tratto ispirazione dalla voce. Voci a rischio comunque, e certo io non voglio che il bot sgarri...  Tieni conto che il bot cerca di distingue un termine fuori dalle righe da una citazione appropriata.",0,it,0.47838232,0
e guardando bene sei anche uno stronzo recidivo.. ke vai avanti a destra e manca a cancellare le pagine anche degli altri!!!! Fatti gli affari tuoi!!,1,it,0.4949516,0
"Se pensi di far ridere... Vai a giocare da qualche altra parte. Grazie,    ★     ",0,it,0.46847117,0
"Incuriosito dalla notizia ANSA di oggi: http://www.ansa.it/sardegna/notizie/2015/05/08/scoperta-fabbrica-illegale-cetrioli-mare_ef3b7c78-52a9-4762-a602-9d0e9b74a7b5.html e dopo una semplice ricerca in google, mi pongo le seguenti domande: In che modo è considerata inquinante o illegale? nomenclatura alternativa:    cazzo    di mare? davvero in cina al mercato vale circa 300 $ al kg? in Italia ha valore alimentare? grazie, Isidoro Ghezzi 151.66.190.",1,it,0.49541327,0
"Ho protetto il template per una motivazione tecnica: se viene inserito in una pagina senza il subst:, cliccando su modifica si apre in modifica il template e si rischia di fare questo. Se è un problema avere il template protetto, sproteggetelo pure. Cruccone (msg) 17:25, nov 5, 2005 (CET)",0,it,0.45583576,0
"Ho rimosso il template  E  in quanto il gruppo ha pubblicato più di due dischi non autoprodotti, pertanto rientra appieno nei criteri. Ho rimosso anche il template  C  perchè, con tutto il rispetto, mi sembrava una stupidaggine. Il fatto che il bassista del gruppo sia il maggior contributore della voce è ininfluente ai fini della stessa. La voce è scritta bene, in modo neutrale e dotata di abbondanti fonti, quindi preferirei che non ci lasciassimo andare a questi template  preventivi .",0,it,0.47480834,0
C è la pagina delle prove per tutte le cose inutili che stai scrivendo.    DarkAp89 Posta    ,1,it,0.49361384,0
scusami moderatore...ho fatto questo solo perchè stavo facendo uno scherzo idiota....me ne sono reso conto scusate a tutti e forza roma!,0,it,0.4816985,0
Ignorante tu e tutti i pecoroni presi per il culo da quei criminali quali sono gli organizzatori della destabilizzazione. A GUERRA FINITA PUOI METTERE TUTTE LE BANDIERE INDEGNE CHE VUOI,1,it,0.5075184,1
"Sono tutte credo voci degli stessi autori/revisori ecc., anche se sinceramente non capisco che importanza abbia. Se il metodo è questo, a) va cambiato, b) tutte le voci marcate di qualità andrebbero riviste di corsa. Poi, ripeto, fate un po  voi. Ma queste stelline d argento usate in questo modo sono veramente uno sp*******mento totale di it.wiki. Moongateclimber (msg) ",0,it,0.4628313,0
"attenzione questo va in giro a modificare a cazzo varie voci! dategli una controllatina, io ho corretto  sistema immunitario  intanto!! ciao!",1,it,0.4774044,0
Ti ringrazio per l apprezzamento. Ci sto ancora lavorando in quanto la storia e  piuttosto complicata e non e  facile trovare dei documenti originali non di parte. Non so se può essere all altezza di una rubrica e temo di non avere molto tempo per poter seguire adeguatamente un vaglio. Comunque quando ho terminato la redazione se ne puo riparlare. Ciao.    Mario1952      (msg)   ,0,it,0.4802616,0
"la rivoluzione è stata qlcs di bello e grande, viva il terrore e la ghigliottina!!! ça ira ça ira ça ira, les aristocrates à la lanterne, ça ira ça ira ça ira, les aristocrates on les pendras!!!!!!",1,it,0.5042311,1
Non capisco. Non ho scritto nemmeno una riga di quel testo. Basta che tu legga la cronologia e vedi che è opera di utente:StefanoRR. Ti prego di spiegarmi il motivo per cui mi addebiti quelle stupidaggini. ,0,it,0.47857904,0
alla prima domanda direi di no perchè di solito le recensioni non venogno considerate enciclopediche. Alla seconda domanda non so rispondere. ignis scrivimi ,0,it,0.49412885,0
"Il bot ha fatto abbastanza edit come test, direi che è il caso di fermarlo sino all avvenuta approvazione. Brownout(msg) ",0,it,0.48032978,0
"Ciao Fctk, non è consentito svuotare il contenuto delle pagine: nemmeno quella delle tue discussioni. Le pagine non sono di proprietà di nessuno e le cancellazioni devono essere discusse. Bizio★(post@) ",0,it,0.47042766,0
  Replica patetica e infantile  . Evidentemente non hai ancora letto gli ultimi due link che ti ho fornito. Forza! Retaggio   (msg)   ,1,it,0.4314964,0
"Buogiorno. Non ho ben capito dove potrei lasciare la mia osservazione: scrivo qui, sperando che la medesima arrivi  a destinazione . Desidero avvisare che qualche  burlone  ha laaciato il suo  contributo  nella voce in oggetto: un paio di stupidaggini ed altrettante scurrilità. Cordialità Luigi ",0,it,0.45757553,0
"@Panairjdde: a titolo d esempio su Tuo consiglio (del 2007) da me fatto tesoro, a metà dicembre 2008 ho infatti rimesso a posto battaglia di Teutoburgo che avevo fatto in modo  sbagliato  . @tutti: Possiamo archiviare a questo punto? Cristiano64 MIE DISCUSSIONI iscriviti in ANTICA ROMA! ",0,it,0.4628407,0
Le cifre indicate - non quelle di Forbes o Bloomberg ma le altre - sono inventate e non presenti in nessun sito. Io direi che si possono eliminare.  9.720.800.000.000.000  sono 10 volte il pil mondiale!,0,it,0.48973837,0
Ottimo lavoro sul Progetto:Liguria. ))  >   Bombardami   ... Allora ti bombarderò assai (di rotture di scatole ...) ;-) ,0,it,0.4727161,0
Complimenti a chi ha deciso di modificare il template fregandosene altamente di andare ad aggiustare le pagine che ne fanno ,0,it,0.50361353,1
"Sai cosa? Spero con tutto me stesso che tu crepi in un incidente d auto con tutta la tua famiglia, meglio se bruciati vivi in una galleria ma anche affogati in un fiume andrebbe bene, SACCO DI MERDA CHE NON SEI ALTRO! Te lo auguro davvero, con tutto il cuore.",1,it,0.489613,0
 Evita di scrivere voci che vengono subito cancellate. Una squadra per avere una voce deve almeno aver disputato 10 campionati in serie D.     Triquetra     (posta) ,0,it,0.48120555,0
non posso lasciare scritto l articolo 11??anke tu sai ke hitler è un santo?? è poi il mio babelfisch era ironico....non si puo piu manco skerzare...,0,it,0.49472928,0
Grazie per aver caricato Immagine:B-p.gif. Ho notato però che hai utilizzato una licenza che non è appropriata in questo caso. Sei invitato pertanto a ritornare all immagine e completarla con le informazioni necessarie seguendo le istruzioni del manuale d uso sui marchi registrati. I marchi registrati senza le necessarie informazioni vengono solitamente cancellati entro qualche giorno a scopo cautelativo.    EH      101   {   posta   } ,0,it,0.44645828,0
"Grazie. Siamo arrivati presto a correggerla, l avrebbero notata. Tieni presente che all Emeroteca del CONI di Roma hanno negato la messa online della loro edizione romana motivando il fatto che i 70 anni (loro hanno fatto le scansioni dal 1928 al 1945) decorrono dal 2015. Le si può consultare solo a Roma nella loro rete intranet.Nipas (msg) ",0,it,0.48061356,0
"Ciao, Windino, la sigla è:  Ecliptic Plane Input Catalog , di cui né su enwiki né su itwiki abbiamo una voce; una delle fonti per crearla potrebbe essere quest articolo su Arxiv. Saluti e buona continuazione, Eumolpo (πῶς λέγεις; = che vuoi dire?) ",0,it,0.45365888,0
Ma come fanno le piattole a capire che possono attaccare un sesso piuttosto che un altro! Ma ragazzi ragioniamo! Le piattole attaccano entrambe i sessi ovviamente!,0,it,0.49582446,0
"Mah... dubbio. Ha scritto le introduzioni a alcune edizioni dei libri di Salgari, quindi probabilmente non è il primo  pirla  che passa per strada per quanto riguarda quest argomento. Certo, servirebbe qualcuno che li avesse letti quei libri, per dirlo con certezza. Ale5875 (msg) ",0,it,0.47890148,0
"Ci sono immagini copyrighted per cui sono state rilasciate autorizzazioni all uso che imporrebbero l inserimento nel testo di link che di fatto sono spam, questo in contrasto con i termini della GFDL. A questo punto mi pare siano del tutto inutilizzabili, mi riferisco ad esempio a: :Immagine:Manuela Arcuri.jpg :Immagine:Francesca Lodo.jpg :Immagine:Elena Santarelli.jpg Che ne pensi? Brownout(dimmi tutto) ",0,it,0.46259555,0
"Perchè poi modificare  non da la notizia  con  non da abbastanza rilevanza ? Era la notizia del giorno, forse del mese, forse dell anno. Questo è puro vero    VANDALISMO   ",0,it,0.49815363,0
"Ok, come non detto. Vedo che compare il messaggio all atto dell edit. Pensavo al template in modo da far comparire la pagina in una categoria ad hoc, ma va bene anche così. Buona giornata. Amon(☎telefono-casa...) ",0,it,0.44956627,0
"Sono molto interessato al genocidio ruandese e, in generale, mi interesso di tutti i genocidi, delle guerre etniche, dei totalitarismi. Vorrei contribuire alla voce, ma ho poco tempo e vorrei informarmi meglio. La voce Genocidio è quasi tutta opera mia.Fata Morgana (msg) ",0,it,0.48179457,0
Ciao sam!! Sono ank io un fan di TRL... ma qui ci stanno rovinando... stanno cancellando tutti loghi!!! Ma come mai???,0,it,0.49603888,0
"sono Lory994 e mi sto impegnando per scrivere la voce su questo stupendo videogioco. Eviteresti di apportare modifiche alla voce, finchè non ho finito di stendere almeno la trama, se no vado in bordello grazie!!!!!!!!",0,it,0.48964724,0
Ho eliminato il link esterno al filmato youtube relativo al brano composto dalla band Intolleranza poiche per la visualizzazione del medesimo è necessaria l iscrizione come utente del sito www.youtube.com . Segnalo noltre che il link interno intolleranza non riferisce alla band ma alla definizione enciclopedica del termine medesimo. Updown (msg) ,0,it,0.4808882,0
" Il nonno materno del Manzoni era Franco Beccaria, noto fascista, autore del trattato Dei delitti e del pene  Innanzitutto il nonno di Manzoni era CESARE Beccaria (non Franco, anche perchè Dei delitti e delle pene l ha scritto Cesare Beccaria) poi si dovrebbe correggere  delle pene , non  del pene  ma soprattutto... noto fascista??? ma stiamo parlando del 1700! Com è possibile una cosa del genere?",0,it,0.49220428,0
"La ridicola e inaudita forma  Eustachio Placido  è riportata solo da   santiebeati.it  , sito di scarso livello culturale. Ponci (msg) ",0,it,0.45924234,0
"Con questa modifica hai reinserito contenuti che altri utenti avevano già levato (non solo io). Se proponi una modifica nella pagina di discussione della voce,    devi    aspettare che chi interviene nella pagina esprima consenso alla tua proposta. Con questo intervento un altro utente aveva    esplicitamente    espresso parere svaforevole alla tua proposta. Nonostante ciò hai (succesivamente) modificato unilateralmente la voce; questa si chiama edit-war. Ciao,    Gac    ",0,it,0.4690823,0
ho cancellato nella sezione a destra  da non confondere con quel bastardo di arbitro Rocchi ..mi chiedo come sia possibile che a nessuno venga in mente di farlo...oppure era stata appena modificata.,1,it,0.49486884,0
Gentilissimo: ho notato che ti interessi di filatelia.L amico Pigr8 sta preparando il portale di filatelia di cui puoi visionare una bozza eccola. Sarebbero molto graditi dei suggerimenti nella pagina discussione ed inoltre ti chiediamo un piccolo aiuto alla nascita del progetto mettendo la tua adesione nella pagina Portale:Portali/In preparazione. Grazie per quanto pottrai fare e per il prezioso tempo che mi hai dedicato. Antonio Nurra (msg) ,0,it,0.46273336,0
Ho accettato il tuo invito a leggere la voce e ho commentato con   alcuni   suggerimenti. A presto e buon wikilavoro. Achillel ,0,it,0.48019043,0
"le colonne   nome DE   e   comune   è meglio che abbiano esattamente lo stesso formato di quelle del Baden-Württemberg. In realtà io estraggo i nomi   puri  , senza quadre e senza prefisso de: ma preferirei fossero scritte uguale così sono sicuro che il codice funziona senza ulteriori controlli. doppia risposta nomi senza disambigua: non ho capito la domanda codice statistico (  Gemeindeschlüssel  ): fastidio non mi dà, ma il progetto è iniziato e non lo prevedeva; ci sono circa un migliaio di comuni già inseriti che non lo hanno; lo inserisci tu a mano? Per inserirlo io devo far   rigirare   il bot per un migliaio di voci e vuol dire un giorno intero (se va bene) di lavoro; sono contrario -)    Gac    ",0,it,0.47061008,0
"In questi giorni sto leggendo un piacevole romanzo di Fabio Delizzos ambientanto nella Roma di Benedetto XIV. Lo scrittore riporta come il Papa fosse noto per lasciardi andare a qualche parolaccia. Prediligendo la parola    cazzo   . Pensavo fosse una  licenza poetica  e invece pare sia un fatto arcinoto, come la relativa concessione dell indulgenza plenaria: Papi... in libertà. Manie, stranezze & curiosità. Argomento troppo sconcio per la voce o è sfuggito?    Pulciazzo    ",0,it,0.48208633,0
"ciao Burgundo... acc. dannaz. maled. (cit) non vale approfittarsi del fatto che sono lento per conflittarmi... ci tenevo a messaggiarlo io l ip, da fan degli U2 ormai pluridecennale!!! -) ",0,it,0.47694463,0
Non ti vergogni? Cosa fai vuoi cancellare un pezzo di storia? Be  se è così so solo che posso definirti un incompetente.,0,it,0.49354553,0
"Mi sembrava strano, ma avevo chiesto dove era stata fatta la richiesta per il bot e mi si era detto che in quelle di senatori e govenatori andava messa lo stesso poiché argomento strettamente attinente al Texas, e io ho pensato che in questi casi si potessero fare delle eccezioni. Se sei sicuro che sia sbagliato non ci dovrei mettere molto a ritoglierli. Ciao, ",0,it,0.48136106,0
"Che la mia sia una divulgazione ideologica è un tuo POV. Sai cos è la FIVET? Sai che gli embrioni che vengono trasferiti sono ad uno stadio che chi usa la terminologia  pre-embrione  definisce pre-embrione? Bene, secondo Pubmed nel 2009 sono stati pubblicati 435 studi che contengono i termini  embryo transfer vitro , ed un solo studio che contiene il termine  pre-embryo ! Serve altro per capire che quella terminologia che andrebbe presentata  alla pari  con quella utilizzata nei lavori scientifici non la usa nessuno? Un solo lavoro in un anno non dà la misura della diffusione della convenzione?    Fungo velenoso    mangiami... ",0,it,0.4923616,0
Puoi dare un occhiata qui? Potrebbero esserci contestazioni alla presenza di immagini senza la specifica autorizzazione dell autore. Grazie! ,0,it,0.4652714,0
"Aho Leoman non c e bisognio che mi dai del voi, stai sul tu. Ciao a risentirci presto    Alexander VIII    ·    Il Catafratto    ·    Aλέξανδρος   ",0,it,0.4956898,0
"Questa non è una pagina di enciclopedia: è un manifesto elettorale, pieno di retoriche, opinioni di parte, che sfiorano il ridicolo (come quella del commissario UE). Il link alla pagina del sito del Mattino, con le presunte scuse di report è inesistente (rimanda alla home page de  Il mattino ). E poi, appena si prova ad inserire dei DATI DI FATTO (come la relazione della Corte dei conti) che criticano Bassolino, questi vengono tacciati come VANDALISMO! E  possibile esprimere la propria opinione oppure su questo sito c è la censura?",0,it,0.48837724,0
"Mi spiace ma non vedo la rilevanza, allo stato. Ti dirò invece che ha qualche chance come fumettista. Forse. Sono passato a tagliare l erba, penso che qualcuno si i****zzerà A dopo, mi fa sempre piacere incrociartiTostapane  corrispondenze   ",0,it,0.48643738,0
egregio utente lukewiller le mie modifiche sono effettuate da un grosso competente di cinema forse il migliore di tutti perché non vengono accettate ?,0,it,0.49941054,0
gli anni del liceo classico si dividono in quarto e quinto ginnasio (che sono il primo e il secondo anno) e poi il primo secondo e terzo anno (cioè terzo quarto e quinto)...non avevo pensato che anche alcuni miei compagni sono del  90...fai sport? fedina,0,it,0.4913408,0
"Solo i tonni amministratori migliori hanno le pinne gialle (cit.) nulla è che si sa che certi amministratori sono bersaglio di troll & vandali e tenerne d occhio le userpage non è un male, anzi ;) Vito (msg) ",0,it,0.49264458,0
"Ma, ma... Che *diavolo* vuol dire? Che diavolo *vuole volere* dire?  L unico musicista classico all iTunes festival . Come diavolo fa ad essere un musicista  classico  se non era in vita durante l età che oggi retrospettivamente definiamo  classica ? E  un modo per suggerire che sia un musicista con velleità accademiche e che si inserisce nel discorso della musica colta contemporanea? Perchè, in linea di massima, non è troppo vero. E l uso del termine è consistente con un tentativo in corso di smerciare i dischi (dischi, mica edizioni) di un tizio in farfallino con un pianoforte come  musicista classico  a casalinghe e manager ingellati, da tenere tra Giovanni Allevi, Nigel Kennedy e QualsiasiCosaSuonataComeStrauss di Karajan.",0,it,0.49218076,0
"No, no, io ho esposto il problema sulla bacheca di chi mi scrisse in privato, esponendo che  Sal Kennedy  era un rumor non confermato, che IMDB è un sito che può essere modificato da tutti e che prima che il sito  cambi  informazione passano almeno 15 giorni se non di più, e che alcune fonti autorevoli (come Empire Magazine, che aveva visionato il film in anteprima) riportavano il  Presidente Ellis . Risultato? Mi è stato detto  no  e mi è stato detto che io ero in errore, le VOSTRE fonti erano le più giuste e le mie (Empire, Comicbookmovie, Superherohype, Badtaste, Everyeye, Variety...) erano tutte fasulle e non credibili. Ora fate voi, rigiratevi la frittata come vi pare. 95.236.57.",0,it,0.48835117,0
"Romano Italico le tue balle sono state cancellate dalla Storia Genetica dell Italia ... Fai un uso molto disinvolto delle fonti, mescolando a riferimenti bibliografici le tue personali conclusioni. Anonimo.",0,it,0.48061037,0
"Grazie. Riesci anche a dare una sistemata a quanto scritto sopra (Per la scritta  Monitoraggio effettuato nel maggio 2010  posta a fine tabella, cercherei di diminuire lo spazio sopra e sotto di essa in modo tale che la fascia azzurra a fine tabella sia più sottile.)? Gi87 (msg) ",0,it,0.4725855,0
"Cazzo, ci mancava proprio un altro livello di complicazione del lavoro! o) Paginazero - ",1,it,0.4772232,0
se poi anche una culona vi chiede di leggerlo allora è proprio il caso di evitare la lettura.....mangia tiramisu di m.,1,it,0.4992384,0
"La foto che metterei viene dal mio pc, dove ne ho diverse relativo a quel periodo, ma non mi ricordo chi me le diede. QUINDI rinuncio a mettere la foto! Ciao, grazie. Arnold ",0,it,0.48568368,0
" ... forse perché non è una voce facile? ... L hai risolta egregiamente. -) Segnamola nel progetto:Genova fra le nuove voci, la mettiamo nel portale. 「   Tw   ice·29 (disc.)」 ",0,it,0.43498945,0
"L ho trasformato in redirect: gli errori di classificazione sono riportati in letteratura come rank synonym, a meno che non si tratti dell errata attribuzione ad un altra specie valida. Se il nome non è valido, dedicargli una voce non ha senso: la letteratura tassonomica contiene milioni e milioni di questi errori gian_d (msg) ",0,it,0.4770103,0
" Ora ho capito tutto, sei tu che sei ciò che accusi me di essere, sei tu che hai un qualche amore nei confronti dell audi, dall ultima modifica è evidente, dici che tu non patteggi per niente ma qui è palese, sembra quasi che tu abbia paura che venga tolta immagine alla tua scuderia del cuore, ma questo è ridicolo io non ho parole, vabè, io non posso mica perdere tempo su queste stronzate, cmq il tuo è un comportamento infantile, ma fa quello che vuoi Pava (msg) ",1,it,0.49241832,0
"Hitler è un nazista testa di cazzo, menomale x lui ke sia gia morto, xke senno lo avrei torturato x molti anni x poi buttarlo da un ponte cn un masso legato al collo",1,it,0.5013864,1
"Ciao Mymmo 74, Ho aperto un vaglio sulla voce Steven Gerrard. Se sei interessato, puoi darmi qualche suggerimento qui. Ciao, grazie     Whatty          nun c è probblema      ",0,it,0.47330502,0
Ti chiedo la cortesia di non procedere a ulteriori modifiche del template perché procedo nel rimettere ordine al problema delle etichette. Grazie.,0,it,0.47551093,0
"Ciao, mi avevi chiesto che cosa potessi fare in ambito BEIC. Nel frattempo, ho preparato una lista un po  ripulita di voci mancanti in it.wiki: proposte per la traduzione della settimana. Potresti provare a vedere se ce n è qualcuna che troveresti interessante tradurre? Grazie, Federico Leva (BEIC) (msg) ",0,it,0.44700727,0
"Altro che rabberciata! questa voce è disarmante. Da dove è presa, ma soprattutto che diavolo è quella pseudoformula riquadrata con caratteri monospazio? Not even wrong!",0,it,0.48838955,0
"teste di cazzo volete sbloccare la voce una volta per tutte. avete rotto i coglioni con sti blocchi, avete monopolizzato wiki e state sempre a rompere le palle con i blocchi.",1,it,0.49843043,0
il corpo umano puzza come la merda e fa tante pompe a il cazzo e tante seghe in citta e sara lorusso fa tante seghe e pompini a tutti kedete di lei e non vi preuccupate ke lei seve tutti anke i brutti i barboni e gli sfigati basta ke gli metti il cazin bocca,1,it,0.5107331,1
"...utente:Daimona Eaytoy/vector.js si trova momentaneamente in categoria:Da cancellare subito. Riusciresti a sistemare, se riesci? Grazie mille! (sì, so che ho visto dalla crono che già stai in un certo senso  disperando , però avere una tua sottopagina stabilmente nella  categoria maledetta , non è il massimo della vita. -) Adalingio (msg) ",0,it,0.44585222,0
"Se la voce (l articolo) non è ritenuta enciclopedica, nella forma, allora basta che il breve testo sia inserito nella voce principala FIDE, come semplice paragrafo.",0,it,0.43267804,0
"All inizio della voce, si parla di una decina di chilometri tra Gambettola e Cesena. Poco sotto, la posizione del paese si trova a 5 km. da Cesena....",0,it,0.47275764,0
" e di che discutiamo, di una linea ferroviaria che non esiste da quarant anni? Ma voi qui siete dei fuori di testa. RICOVERATEVI!87.17.155.",0,it,0.49063998,0
"Gli smessaggiatori sono una brutta razza, credi a me. e studia!   Austroungarika      sgridami o elogiami    ",1,it,0.48947054,0
"Il vandalismo l ha fatto lui per primo, che ha scritto  idiota  sulla pagina di Carlo Rambaldi, io ho solo scritto che l idiota è lui Lucapaz1000 (msg) ",1,it,0.49784046,0
"buongiorno. risponde la segreteria messaggistica della Auro. in questo momento la Auro è svenuta e non può risponderle, ma si riprenderà - prima o poi... e in carenza di motivazioni compulsive saprà cosa fare... quando le ripartirà internet a casa. grazie per la collaborazione. non esiti a utilizzare nuovamente il nostro servizio. baci, Auro (parole e bacibici) 13:56, Ago 29, 2005 (CEST)",0,it,0.45268452,0
" Che dirti Yuma replicare da parte tua che la mia posizione potrebbe volere:   rinominare tutte le voci relative? gli arabismi riportati in arabo? (es.: ascaro ad   askarī  , assassino ad   hashishiyya  , cassero a   qasòr  , dogana a   diwan  , fondaco a   funduq  , magazzino a   makhāzin  , sensale a   simsār   ...) o tutti i prestiti da altre lingue  ; e poi sostenere che   Non ho detto che tu sei ingenuo, ma che suppongo lo fosse un tuo malinteso.   sa anche a me di presa per il culo e trucchi dialettici molto poco ingenui da parte tua, peraltro terribilmente fastidiosi. Peccato che non te ne accorgi... Io confronto sempre ciò che tu sostieni con le fonti, anche divulgative. Tu invece ti appelli ad acquisizioni della comunità. Tutta qua la differenza: niente artifici retorici, niente criteri raffinati. Questo solo marca la differenza tra me e te, con una piccola aggiunta di differenza: le fonti restano lì, le opinioni della comunità possono cambiare e sono sempre e comunque solo POV. Ciao Xinstalker (msg) ",0,it,0.48711723,0
"Se tu non conosci qualcuno prima di dargli dell ignorante pensaci bene un altra volta, soprattutto di apostrofarlo tale lamentandosi con altri:    Kirk      Dimmi!   ",0,it,0.49959728,0
"Ciao, in sintesi Ti dico questo, trovo sbagliato l eliminazione delle pagine che rimandano a quelle dell aiuto glossari, semplicemente perchè sono difficilmente  raggiungibili  da un utilizzatore che non sia esperto di Wiki, hai qualche soluzione in merito, perdonami e grazie. Pifoyde (msg) ",0,it,0.4623253,0
"Ciao. Ho annullato la tua modifica perché l avevi inserita nel Template:Farmaco, che in quel modo non funziona. Nella voce, comunque, è già specificato che l acido clavulanico è un inibitore delle beta-lattamasi. Se vuoi una mano per contribuire, scrivimi pure. Mari (msg) ",0,it,0.427211,0
"Chi sono quei due coglioni dell e-mail ? Quelli che sono saliti in cattedra ma non hanno neppure il coraggio di farsi identificare. Ciao, Luca      LukeWiller      [Scrivimi] . in effetti non è stato simpatico: ci sono modi e modi per dire le cose, e lui ha usato un modo sbagliato. Però se tu ti arrabbi fai il suo gioco! ah per quanto riguarda il template di legnano di LukeWiller sappi che ti verrò a chiedere un pò di cose sui template che sono abbastanza ignorante in materia! ciao! ^musaz 3/3/08",1,it,0.48163953,0
Dire che la teoria della conoscenza di Anassagora esposta in una riga è solo un abbozzo è dire poco. Quindi stub!,0,it,0.4904503,0
"Allora, torno a dire: che il nazismo la chiamasse eutanasia non vuol dire niente (se il mio gatto lo chiamo antilope resta sempre un gatto). Che al papa peraltro ex-SS (con seguito di codazzo adorante) faccia comodo associare  nazismo  ed  eutanasia  lo capisco pure, lui fa il mestiere suo, che non è seguire la verità, ma la sua verità. Che il termine  eutanasia  si possa affibbiare a quella schifezza orripilante che il nazismo mise in opera non è possibile. Non basta un  cosiddetta  e tutti i congiuntivi, bisogna    proprio    dire che fu un accostamento improprio del termine e che anche oggi è una    sbagliata interpretazione    del termine stesso. Sergio the Blackcat™ ",0,it,0.4956864,0
"Occhio che con la tua modifica successiva hai nascosto il vandalo che era passato appena prima ;) So che sembra stupido avvisarti, non andando a vedere neanche io la cronologia delle voci quando le modifico... ma magari tu hai una soluzione ^___^ Ciao. Amon(☎ telefono-casa...) ",0,it,0.47944513,0
"Mi sento mooolto sberleffato. E ti detesto sempre di più ... )) Twice25 /    αω    - þ 17:22, Lug 11, 2005 (CEST)",0,it,0.48069602,0
" Ci sono delle procedure da seguire, non puoi fare come ti pare. La voce sarà cancellata in base all esito della votazione.",0,it,0.4844209,0
"siete dei falliti eletti da nessuno auto eletti liberatori d  italia ma la state trasformando in una colonia di immigrati che stuprano, picchiano e violentano ragazzine innocenti e non vengono nemmeno puniti e lasciano morir di fame 4 mila disoccupati italiani e senza pensione gli anziani per dare 3mila euro agli immigrati",1,it,0.50820124,1
"Caro The Doc, buongiorno, ho scritto la voce in oggetto, se hai un attimo puoi darci un occhiata? Ho trovato che la dicitura malattia autoimmune, in un paio di casi probabilmente è effetto di una traduzione dall inglese. Grazie e buon lavoro. ",0,it,0.45165858,0
"Anf!!!= Anf! Che fatica... ho spostato tutte le mie foto (tranne una) su commons dato che le rilascio gratuitamente e così le possono usare tutti, inoltre ho messo pure quella orfana. Penso di aver fatto tutto per bene, ho messo pure il template che si diceva nel Bar. Prova a dare un occhiata e cancella pure!    F      i      l      n      i      k      Maiden 4ever!!!  ",0,it,0.47849268,0
"Che peccato, mi pare che manchino almeno il presidente puttaniere e ... l  orchidea  della Bindi (1, 2, 3, persino 4). Ti ho messo la prima su wikiquote. Per le altre puoi fare lo stesso. Martin Mystère (msg) ",1,it,0.47588903,0
"no, ma nemmeno va usato un bot per togliere l incipit che si considera superfluo ignis Fammi un ",0,it,0.49861234,0
"Be allora l unica conseguenza logica che posso trarne è che sono paranoico, sono paranoico nel ritenere che l utente Gatto Nero abbia voluto buttarmi fuori per motivi personali. E sono pure paranoioco nel ritenere che alcuni amministratori abbiano applicato 2 pesi e 2 minure diverse nel valutare i miei comportamenti. Sono paranoico nel ritenere di essere stato attaccato ingiustamente. Sono pure paranoico nel constatare che quando sono stato attaccato io gli admin che con me si sono dimostrati particolarmente zelanti sono stati zitti zitti (l unico a far sentire la sua voce è stato Tierra). Sono paranoico nel ritenere che stando su pagine da cancellare non diventi mister simpatia. Be sai che ti dico meglio paranoico che fesso ",0,it,0.49914068,0
"Segnalo qui qui un errore alla 17 e 34 giornata il catania non giocò con il Modena (col quale gioò alla terza gioranta) ma con il Marzotto. Volevo sostituirlo direttamente, ma con tutte quella tabelle mi sono perso -) Pape ",0,it,0.48720196,0
"Non mi interessa affatto se l utente Panairjdde non legge i miei messaggi o quelli di un altro utente, peggio per lui. Però non lo invita a non partecipare a una discussione che ha luogo qui.    HAI CAPITO?    Fatti venire il dubbio, prima di sputare sentenze in giro (...  non ha capito assolutamente nulla  ...), che magari a non aver capito potresti essere tu. A presto   Glauco92   9·9·9·9·10·10·10·10 (5500 edit)   (συμπόσιον)    ",1,it,0.4814436,0
BEATLES Ma come?? Non viene citata  I Am The Walrus  dei Beatles!!! Non è uno dei primi esempi di Acid Rock???,0,it,0.50170845,1
"Tu mi segnali che io do un colpetto di pialla, con questo tipo di stalker bisogna stare all erta o fanno vittime fra gli utenti (questo lo dico senza ironia purtroppo) alla prossima! Vito (msg) ",0,it,0.48487338,0
"@KS: Il fatto che più e più e più persone abbiano    chiaramente    percepito questa segnalazione come una trappola - ed è evidente che lo fosse, almeno per una parte dei proponenti - non ti fa pensare che forse (ma forse, eh) qualche ragione ce l hanno? O sono tutti dei coglioni, secondo te? L errore che hanno fatto quelli che avevano motivi sensati è stato quello di accodarsi a questa robaccia indegna di essere definita  morale . Il problema è che ormai seguite tutti l etica del  l importante è raggiungere il risultato, non importa quale . Peggio per voi, la gente non è scema. @ChemicalBit: insomma hai visto delle motivazioni di voto irresponsabili. Ma se fossero le tue - o quelle di chi tanto spinge per questa elezione farlocca - le motivazioni irresponsabili?",1,it,0.47667181,0
Se mi conflitti un altra volta giuro che: urlo ti blocco mi blocco mi sblocco ti sblocco urlo di nuovo Non c è più rispetto per noi anziani...     Dome      era Cirimbillo   A disposizione!     Muahauhauahuahuahahah! Sai noi anziani sappiamo essere anche magnanimi per cui non ti bloccherò e non mi bloccherò)! -D Scherzi a parte io uso vandal fighter per patrollare e se tu riesci a fregarmi guardando solo le ultime modifiche da qui allora le cose sono due: o mi sono davvero rincoglionito o tu sei un fulmine di guerra! Propenderei più per la seconda!     Dome      era Cirimbillo   A disposizione!    ,1,it,0.5004412,1
   Sai praticamente ZERO di diritto privato...che cazzo parli a fare? Come puoi vendere un bene del quale non hai la proprietà mediante  un autentico documento ?! Studia che ti farebbe bene...   ,1,it,0.4802022,0
"perdonate la stupidità della domanda, ma anche se propendo quasi certamente per Andrònico non posso averne la certezza e non sono riuscito a trovarla da nessuna parte. a ciò aggiungo che non sarebbe male, una volta chiarito dove si pone l accento, di specificarlo sulla scheda per evitare simili discussioni!",0,it,0.4775612,0
"Questo Mimahy e suoi numerosi cloni mi sta incasinando tutte le pagine che ho sviluppato in passato. Vedo che l hai bloccato, ma riappare settimanalmente sotto differenti sockpuppet e continua ad imperversare con vandalismo vario. Lo si può bloccare definitivamente alla fonte? Inoltre, non riesco a trovar tempo per ripassare tutte le voci intaccate e annullare le sue modifiche idiotiche. Cosa suggerisci?Monozigote (msg)  Grazie della pronta risposta. Lo vedo in azione come Mimahy (dovrebbe essere un sockpuppet di Utente:TorahPerson10 e Discussioni utente:Chashmal, che penso sia impazzito), 79.44.125.22, 5777et, 2.230.243.250, 80.116.95.234, 83.224.70.229 e via dicendo. Alcuni di questi sono stati bloccati. Non credo riuscirò a risalire a tutte le stupide modifiche che  sto babbeo sta apportando. Pazienza... (eventualmente contatterò Vituzzu). CiaoMonozigote (msg)  Il nostro pazzoide ha oggi ricominciato, ora con l IP Speciale:Contributi/79.44.125.22 - è difficile stargli dietro... non ha pace. Ho comunque avvisato Vituzzu, ma per ora il pazzoide sta impazzando senza freno.Monozigote (msg) ",0,it,0.47950026,0
"Eccomi qui e mi presento: Casino Bill. Effettivamente ho equivocato e votato a  pene di segugio . Ho provveduto a cancellare la mia dichiarazione (solo che ora mi sorge il dubbio se ho proceduto correttamente). Ho già chiesto a Valeper(t) di controllare. Magari fallo ancora tu, ma leggere dichiarazioni anti-LP m aveva fatto un po  salire il sangue alla testa e questo mi ha ottuso il comprendonio. Mi spiace davvero ma sai?, l età e le abboffate recenti....    Cl      oj    ",0,it,0.47528452,0
"Ave, Carole! Moriturus (magnae vocis sive paginae causa) te salutat. In Roma devo completare solamente un paio di paragrafi:  Geografia antropica  ed  Economia . Poi dovrò migliorare  Geografia fisica  e  Galleria fotografica . Potrei essere in grado di curare le sezioni sulle suddivisioni storiche e amministrative e sulle frazioni, e anche su  Orografia  e  Idrografia , ma non saprei cosa scrivere in  Economia  e  Urbanistica . A questo punto, pertanto, esco di scena e aspetto qualche settimana prima di chiudere il vaglio (magari qualche anima pia si darà da fare con tali sezioni...). Anzi, prima devo inserire un bel po  di note (do, re, mi, fa.....). Valeas!    Markos        90      ",0,it,0.46161592,0
"Ciao, I tecnici della Wikimedia Foundation stanno modificando il funzionamento delle utenze. Ciò fa parte dei nostri continui sforzi per fornire nuovi e migliori strumenti ai nostri utenti, come le notifiche interwiki. Di conseguenza, ogni utente avrà lo stesso nome utente su tutti i progetti. Ciò renderà possibili nuove funzioni per modificare e discutere meglio, nonché permessi utente più flessibili. In particolare, i nomi utente dovranno ora essere univoci in tutti i 900 progetti Wikimedia. Per maggiori informazioni, leggi l annuncio. Sfortunatamente, un altra persona usa il tuo nome utente,  Zaakir , altrove. Per essere sicuri che in futuro entrambi possiate contribuire senza problemi ai nostri progetti, il tuo nome utente sarà cambiato in  Zaakir~itwiki . Se ti piace, non serve che tu faccia nulla; ma puoi richiedere un nome utente diverso. La tua utenza funzionerà esattamente come prima e ti saranno attribuite tutte le modifiche che hai fatto, ma dovrai usare il tuo nuovo nome utente per accedere. Ci scusiamo per il disagio. Cordialmente,Keegan PeterzellCommunity Liaison, Wikimedia ",0,it,0.44636533,0
"La voce è stata creata da te nel 2009, non è mai stata cancellata, né spostata. Quindi la modifica di  creazione  non era della voce, ma della sua pagina di discussione (Discussione:Oskar Ursinus), creata oggi per segnalare l inserimento di testo tradotto da altra wiki.    Super      nino    ",0,it,0.45774248,0
non capisci proprio un cazzo..gli abitanti di cattabrighe sono detti ATTACCABRIGHE!!! punto e basta ho ragione io!!! o vuoi attaccare brighe?,1,it,0.49604815,0
"(aggiunte) E  tanto difficile ricordare di aver mangiato  pane serbo ?! Manca nella biografia il periodo quando la sua famiglia si rifuggio  di fronte la persecuzione nazista in Jugoslavia. A Belgrado,dove dopo la Guerra suo padre divento  diplomatico cecoslovacco la Jana - Madeleine Albright frequento  la scuola. (I serbi non hanno mai aspettato ringraziamenti, ma essere pugnalati allo stomaco....beh questo non se l  aspettavano!) Spostato dalla voce.Luca Ghio (msg) ",0,it,0.48659658,0
" @Sergio: non penso che i   chiamati alle armi   siano degli stupidi: se io ho votato    +1    vengo ricontattato, trono, e la voce non mi convince ancora, lascio tranquillamente il    +1    (v. ad esempio, sempre per citare GiogioCha, la voce sulla Range Rover Evoque. Non vedo molto pericolo in tal senso.      Salkaner         il       Nero    ",0,it,0.48142216,0
"Vabbè tutto ma un Prof Ordinario non mi sembra un  Emerito imbecille. Avrà una bibliografia per essere in Cattedra...ma tanto parlo coi muri.... no go paroe .Devi essere molto autorevole visto che sei qui, non cè nessuna biografia ma fa lo stesso. E  sono stato molto civile.",0,it,0.47581872,0
" Come devi considerare la cosa? Tu hai già la spiegazione a portata: sono una madamina! Va bene così? Il bello è il cattivo tempo l hai fatto tu con la voce. Adesso si riparte da più indietro, è la cosa più logica. O pensavi davvero di dettarmi l agenda? Blocca qua, sanziona là... sei fuori strada. Le cose sono due, o la smetti di strepitare ad ogni passo sulla correttezza altrui o aprirò a tuo carico una segnalazione di utenza problematica e sarà la comunità a valutare il tuo contributo al progetto. Ho cercato di valorizzare il tuo contributo in passato, ma tu ne fai una questione morale, in cui tu sei il puro e gli altri sono dei traditori bugiardi. Ora mi hai stancato, ogni comunicazione del genere della precedente verrà ignorata. Sulla talk vai al succo della cosa, come ho già raccomandato lì. Non avrai altri avvisi.    pequod    ",0,it,0.4873318,0
le foto ci sono e tante...... ma tutte prese da internet e sai che questo non è possibile. ora mi sto adoperanto per scattare da me tutte le foto.......speriamo non facciano propro schifo!,0,it,0.49077076,0
"Buongiorno oh Guru, che sono stupido lo sai, spiegami cosa succede quando un admin chiede la cancellazione di una voce, tipo Stadio_Mario_Riboldi, non mi sono chiare un po  di cose. Saluti e buon lavoro. Mapelli Fabrizio (msg) ",0,it,0.47321528,0
" No, non si può proprio creare: hai letto il messaggio? Non è considerata ancora enciclopedica e quindi    non può    avere una voce su it.wiki, comunque sia scritta. Grazie. L736El ",0,it,0.44255236,0
"Spedit, vogliamo stare a discutere sul sesso degli angeli? Non si decide per consenso se l acqua è bagnata o no. Non esiste un nome italiano consolidato e fine.    SERGIUS    (CATUS NIGER) ",0,it,0.4873198,0
E il pc lasciato acceso due giorni con la ventola da jumbo jet tentando malemente di dormire per scaricare  na cagatina... -P Lucas ✉ ,0,it,0.4979627,0
"Salve Retaggio, potresti cortesemente eliminare quest assurda ed ignobile procedura di cancellazione? Tarlisky ha già provveduto a rimuovere il template Cancellazione dalla voce, ma vorrei che ora venga rimossa anche la relativa procedura. Senza contare che, dal punto di vista personale, l anonimo mi ha offeso profondamente, perchè sono conchese e sto cercando di ampliare la voce come si deve, e che è un grande ignorante (nel senso che ignora), perchè evidentemente non ha mai visto un enciclopedia in vita sua (persino su quelle cartacee sono riportati tutti i comuni d Italia!) e che non sa la rilevanza turistica della Costiera Amalfitana che ha nel mondo; giuro che se lo ribecco a vandalizzare la voce lo metto tra i problematici e gli faccio passare i peggiori momenti della sua esistenza... Mess is here!  Come non detto, Paginazero ha già provveduto alla cancellazione. Grazie lo stesso. Mess is here! ",1,it,0.4822282,0
"Mah  tutto quello che si sa  è un espressione molto pericolosa perchè comprenderebbe anche le calunnie, gli insulti, le offese che un personaggio pubblico inevitabilmente riceve. E poi, non trovo enciclopedico, inserire i pettegolezzi, le notizie gossip, le amanti...insomma questa non è Novella 2000 (anche se purtroppo non tutti la pensano così e riempiono Wiki di spazzatura). Quando a Keynes, prova ad aprire una discussione la  se sei certo che non avesse mai dichiarato la sua omosessualità, anche perchè a mio giudizio quel paragrafo si potrebbe tranquillamente eliminare; magari riporta anche le fonti. Sull omosessualità di Tiziano Ferro ho fatto io stesso una ricerca su google e tu non puoi neanche immaginare la schifezza che ho trovato: ragion per cui sono convintissimo a tenere la questione  Tiziano Ferro gay  fuori da questa voce, perchè al momento è totalmente falsa. Poi se nella sua vita privata, Tiziano va a letto con un uomo sono affari suoi, dato che decide comunque di tenere la cosa completamente riservata... Ayers (msg) ",0,it,0.49094647,0
"Caro MArco, ma u perchè non ti fai gli affari tuoi? Hai compreso l importanza delle informazioni che devo inserire o hai difficoltà a comprendere? Io ho l impressione che tu ti stia divertendo a provocarmi, ma sappi che questo lo fai a scapito della sicurezza di quell area e, molto probabilmente, col rischio di causare gravi danni ad una proprietà privata. Ciao.",0,it,0.47077742,0
... ci ho messo un po  a trovarla... ma forse e  perche  ultimamente sono un po  coglione ) ciao ,0,it,0.4797129,0
"Concordo pienamente! Se Freddie Mercury (che ha una voce altissima) ha 3 ottave di estensione, come è possibile che Mariah Carey ne abbia 5? E un assurdità!!!! Tralaltro non è un granche come voce o almeno non grande quanto la descrizione su questa pagina che è quasi tutta inventata. Sam.94 (msg) ",0,it,0.49362087,0
"Eh, attraverso un periodo un po  così... comunque essere admin non è nei miei programmi. Piuttosto, tu? Se ti ricandidassi mi sputeresti in un occhio o gradiresti? -) Antonio La Trippail censore ",0,it,0.48390442,0
 evita di introdurre tue personali elucubrazioniignis  Personali elucubrazioni il dire che qui qualcuno afferma che c è consenso unanime quando non è minimamante giustificato e non è vero? Hai proprio uno strano modo di ragionare. A meno che non sei tra quelli che eliminano  a prescindere  qualsiasi cosa che faccia pensare che l evoluzionismo darwiniano materialista non è poi tanto provato. Dimostra tu di non far parte di questa categoria lasciando la modifica o GIUSTIFICANDO con citazioni che quella ridicola affermazione è falsa,0,it,0.49924228,0
"sei stato rollbackato dall utente che ha di nuovo cancellato il pezzo, da un occhiata alla voce.. 93.33.11. Ultima versione di pagina- pittore Vladislav Shabalin. Tieni presente che non si accettano insulti. Grazie per attenzione.",0,it,0.4728549,0
E  vero ma in questo caso si tratta di un blog attivo da parecchi anni in cui scrivono sia pro che contro e che ha una attività altissima come risulta dal feedjit,0,it,0.5024186,1
"Ho un dubbio: ma la Brigata XXVIII marzo non è forse il nuovo nome assunto da ciò che rimaneva delle Formazioni Comuniste Combattenti? Cioè credo ad una filiazione diretta FCC- XXVIII marzo, anche se i suoi membri possono aver militato in altri gruppi. -",0,it,0.48264447,0
Al momento non vedo altre voci sullo stesso soggetto. Se qualcuno vorrà crearle in futuro è libero di farlo incluso modificare i redirect. MarcoK (msg) ,0,it,0.47946486,0
"Allora, caro, il tuo essere terrone come vedi non risiede nella tua meridionalità. Ergo hai detto una cazzata. AFM 23:34, Mag 2, 2005 (CEST)",1,it,0.45727527,0
" Ho seri dubbi circa le tue conoscenze storiche, visto che consideri  celtiche  le popolazioni del XII secolo avanti Cristo. I celti sono popolazioni indoeuropee arrivate dopo... poi dove cavolo le vedi 3  etnie ? La mappa genetica semmai indica che in alcune zone c è IN MEDIA un substrato che probabilmente deriva maggiormente dai greci, in altre un substrato che probabilmente deriva maggiormente dai celti ecc., le divisioni in  etnie  (che semmai sono entità culturali, non certo qualcosa di definibile geneticamente) sono tipiche puttanate vostre. Perchè poi gli Etruschi dovrebbero essere connessi all Europa centro-settentrionale lo sai solo tu! Boh!",0,it,0.48267734,0
"Hai idea di quanti presidi esistano al mondo? Quindi le possibilità sono due: Stai dicendo una cavolata, tanto per dire qualcosa. Non riesci più a ritrovare la voce sul tuo preside. Se mi dici il nome cerco io, che dopo vediamo. In ogni caso, che il tuo preside ci sia o meno non cambia che il tuo gruppo   emergente   non sia enciclopedico (e un altra cosa: hai idea di quanti altri gruppi   emergenti   sono già stati cancellati per lo stesso motivo?) Filnik\b[Rr]ock\b!? ",0,it,0.48512056,0
"Anima della notte, perchè hai cancellato quello che avevo scritto ieri? Invece di cancellarlo perchè non dai una tua giustificazione alle mie osservazioni? Approfitti solo del tuo potere di cancellare tutto quello che non ti piace discutere. Questo si chiama fascismo non libertà di espressione. Tanto cancellerai anche questo ultimo messaggio, lo so .",1,it,0.47775808,0
"Vituzzu, l incipit così com è è semanticamente scorretto! in poche parole il discorso non fila:  (...) privata italiano . Quanto a terroristi: chi detiene persone contro la loro volontà, li processa senza averne né l autorità, né dando loro la possibilità di difendersi, condanna a morte ed uccide facendo un video di rivendicazione (prassi che conosciamo bene in Italia in quanto assai simile all omicidio di Aldo Moro) è puro e semplice terrorismo e non guerriglia. Nickel Chromo (msg) ",0,it,0.48162848,0
"il blog è .leichic.it , che è assolutamente irrilevante circa i premi che da. Quindi finiscila o ti blocco ignis Fammi un ",1,it,0.48283917,0
"Jaqen: Questo è il libro di Millet (su Genet, v. da p. 336) e questa una recensione. L omosessualità e l eterosessualità c entrano eccome (ma non solo quelle). Rocker: «non è necessario nominare specificità se non per motivi precisi», scrivi. E infatti qui c è un preciso motivo e io non do per scontato proprio niente. La frase è «la Millett rileva come i primi tre [Lawrence, Mailer, Miller] vedano nella donna «una fastidiosa forza minoritaria da conculcare e mirano a un ordinamento sociale nel quale la femmina sarebbe perfettamente dominata», mentre l omosessuale Genet» ecc. Era implicito che, scrivendo «mentre l omosessuale Genet», s indicavano negli altri tre altrettanti eterosessuali. Ma se non è chiaro, modifichiamo pure la frase in «la Millett rileva come i primi tre - eterosessuali - vedano nella donna» ecc. Io sono d accordo. Pracchia: alla luce di quanto sopra, l aggiunta «incidentale» da te proposta non ha senso. Paola Michelangeli (msg) ",0,it,0.47997043,0
"...grazie per il benrientrato, ma oggi ho collaborato parecchio solo perché mi seccava leggere gli articoli che dovrei studiare per la tesi di dottorato! Ho letto che Trudy ha rischiato di venire cancellata! Peccato che non posso seguire tutti, andando semplicemente a periodi, altrimenti sarei intervenuto molto prima! Comunque va abbastanza bene: sto leggendo articoli, fumetti (sempre) e varie altre cose. Può anche darsi che ti scriverò una e-mail nei prossimi giorni. Cordami salumi, l uomo di ula-ula (-) 18:56, Mag 31, 2005 (CEST)",0,it,0.45664644,0
"Susate ma debbo fare dei paradassi, dire ex-terrorista è come dire che una persona deceduta è un ex-nato, oppure è come affermare che gli adottati siano ex-orfani e chi ha perso i figli ex-genitori, non essendoci ex vittime è e rimane un terrorista, spiacente, ma non si può proprio essere ex-assissini checché ne scrivano i giornali, è come scivere  ex-criminale nazista , semplicemente ridicolo. Nicola Romani (msg) ",0,it,0.49464813,0
"Se siete così ebeti da non controllare le voci ed evitare di scopiazzare a caso....inserite pure gli atti di vandalismo. A questo punto è preferibile alle vostri voci fatte da cani, in un italiano da 4 soldi con fonti inesistenti. Attilio Bandiera è nato a Spalato, ripassatevi la storia di Anna Marsich....se avete tempo! Ho poi aggiunto il suo matrimonio, mi pare che non sia cosa da poco. Discussioni utente: Icopisky",1,it,0.4871809,0
" ahahah. questa era divertente, sei mi chiedi una cosa cosi è da tiranno ahaha dai inventane un  altra 82.52.34.",0,it,0.49948508,0
"Credo che ci sia un bug, non mi era mai successo. Ho fatto i redirect alle sezioni e dall anteprima i redirect sembrano normali, ma se cerchi la pagina digitando il nome salta fuori questo o questo (vedi cronologia della pagina, c è scritto  redirect  ma la pagina rimane quella di prima).    abSINthe    bevimi! ",0,it,0.4891299,0
"L immagine rappresenta solo una delle possibili interpretazioni del suo pensiero, e non sembra affatto pertinente al tema generale dell articolo. Nella pagina sull opera è citata l artista e quindi questa e altre immagini sono raggiungibili, che rispetto al tema  Nietzsche  è piuttosto marginale. Le minacce inserite qui sopra ( you must die ) dall utente:Hlamo a chi aveva cancellato l immagine prima di me, mi pare, per canto loro, non necessitano di altri commenti. MM 18:46, Lug 15, 2005 (CEST)",0,it,0.44962925,0
"almeno su un sito siamo arrivati all accordo .... HAI visionato le voci delle altre razze e le altre lingue anche della voce BOXER? Hai verificato cos è il BCI? e l enci? NON so se lo sai il BCI non è una sono società a scopo di lucro essendo parte dell enci quindi controllata e sottoposta al ministero delle politiche agricole... in questo hai dimostrato e per me dimostri la tua ignoranza sull argomento che NON è un offesa ma una costatazione di fatto IGNORI informazioni e cose QUINDI sei ignorante come io lo sarò per altre cose..ma su questo argomento e voce no ripeto prenditi il tempo di leggerti altre voci anche non solo italiane analoghe se ti serve (visto che non conosci, da quel che dimostri) ti posso lincare molti esempi ma lo faccio pi volentieri se hai la decenza e l educazione di loggarti",0,it,0.4943699,0
"Anche secondo me il disanbigua il più delle volte è inutile, perché o basterebbe mettere un riferimento nella pagina di un significato che rimanda all altro se gli argomenti sono collegati (è il caso di Nobel), o è inutile perché magari le omonimie sono evidenti, oppure può addirittura confondere (come nel caso di baccanti) se usato male. Per me, a limite, basterebbe un testo in neretto che avverta che l argomento cercato ha dato più risultati/si riferisce a più argomenti (in testa alla pagina, ovviamente). In ultima analisi, preferirei il disambigua così com è ora... in basso perderebbe ancor più di significato. :AdiCon 15:07, Set 16, 2004 (UTC)",0,it,0.4726594,0
"Non volevo sputarti in pagina ... ;-) - da una piccola modifica che Joana ha fatto nella tua user, noto che I puritani è scritto minuscolo nel titolo e maiuscolo nel testo della voce. Che tu sappia - vedi la discussione di voci - va scritto in minuscolo o maiuscolo? Io propenderei per la seconda ipotesi. Serve un tuo augusto parere. )  Re: da me (ma non mi hai detto dei Ppuritani ...) )  >  Minnie & Paolino   ... LOL Più che problemi informatici, mi pare tu abbia problemi di fuso orario ... o di insonnia ... (5.30?) Oki per Ppp...uritani ... )) A presto ! ",0,it,0.47133473,0
"Subdolo, diabolico e peggio sei tu con il tuo lavoro da poco, insulti gli altri per non leggere cose che dovresti sapere bene. Che schifo! Sai che ho già voglia di denunciarti per l evidente cattiva volontà. Insisto che la devi smettereTeatro G.A.G. (msg) teatrogag, 12 sett, ore 13.42",1,it,0.48732343,0
"Lurido schifoso leccaculo di regime, proteggi quel ladro bastardo che ha messo in braghe di tela il nostro paese, fai schifo, se ti incontro per strada ti sputo in faccia, merda!!!!!!!",1,it,0.5061042,1
"! Scusami, ma ho protetto la pagina in seguito a numerosi vandalismi. -) Pietrodn · «zitto e parla!» ",0,it,0.46784988,0
" ok. Gli ordinamenti sono superflui? (in effetti ordinare per numero di pagine non è così utile..). Le ristampe eccessive? (IMHO probabilmente sì). Invece di  note  chiamare l ultima  Descrizione  o  Trama  o qualcosa del genere, mettendo poi le note eventuali in fondo (o nel testo)? (IMHO meglio). ok: suggerimenti sul nome delle colonne? grazie dei pareri ;-)    Superchilum   (scrivimi) ",0,it,0.44103587,0
"Converrai con me che siamo all assurdo: un attrice pornografica è enciclopedica solo perché si è spogliata, mentre un vescovo non lo è! FeltriaUrbsPicta (msg) ",0,it,0.49639612,0
"ehi barbaking,allora che facciamo? la finisci di fare lo stronzo? ho creato la pagina di spaziano perchè è un chitarrista che merita,quindi adesso la ricarico e te la smetti di cancellarla così,perchè ti va. cazzone.",1,it,0.49564838,0
" E  un movimento post-ideologico , nato in rete attorno agli spettacoli del comico beppe grilo e al suo blog , poi evolutosi in libera associazione di cittadini con i MEET UP , infine condensatosi in un soggetto politico con lo scopo di riuscire ad entrare nelle istituzioni ; in Italia la costituzione riconocse e tutela IL PARTITO come forma di organizzazione , quindi il movimento 5 stelle ha dovuto registrarsi formalmente per poter concorrere . Tuttavia il moVimento può essere considerato un  partito  unicamente nell aspetto giuridico e in quanto partecipante alle elezioni , ma non nella forma infatti nel NON STATUTO , accettato dalle liste che decidono di usare il logo a 5 stelle http://www.beppegrillo.it/iniziative/movimentocinquestelle/Regolamento-Movimento-5-Stelle.pdf è chiaramente ed esplicitamente sancito che SI RIFIUTA ogni forma o struttura organizzativa interna tipica dei partiti che sino ad oggi sono venuti ad essere in italia ,non ultimo il finanziamento sottoforma di rimborso elettorale. Il moVimento 5 stelle coniuga nelle realtà locali gli obiettivi generali , nella forma più libera e fluida possibile, pur mantenendo i paradigmi trasversali di trasparenza (ottenuta grazie alle tecnologie informatiche in tempo reale), e partecipazione mediante democrazia decisionale diretta del cittadino . ",0,it,0.4825202,0
"BOSCOREALE..ci sono 2 tipi di ragazze: Il primo tipo <detto DElle chiattone...basse, grasse e schifose Il secondo tipo ( quelle a cui aspira DE vITO)...detto DElle fighePErke le tipe sono fiGhe Chi viene a Boscoreale deve sapere che nn ci sono le vie di mEZZo...o sono fighe o sono chiattone-Adattatevi NN volevo dirvelo....",0,it,0.47521117,0
"Scusa ma la tua ultima modifica è sbagliata. Ferragni è stato giudicato nel 1928 insieme ad altri 18 comunisti del comitato centrale in quanto considerati i più pericolosi antifascisti d Italia. Questo non è un giudizio personale, è storia. Di fatto dal 1925, dopo l omicidio Matteotti, le dichiarazioni di Mussolini hanno instaurato la dittatura, si iniziarono infatti a deliberare le leggi fascistissime che cambiarono l ordinamento del regno in regime. Perchè metti in quindi in dubbio la mia affermazione? Voglio semplicemente svolgere un lavoro, un lavoro pulito d informazione. Mi sembra di avere a che fare con un elemento, tu, a cui il mio impegno dia alquanto fastidio. Perchè ti comporti così? Ci possono essere errori, dubbi, ben vengano gli aiuti, ma perchè cerchi di creare il problema anche dove l affermazione scritta è vera e comprovata da testi e siti internet? Quello che scrivo lo leggo, sto leggendo libri e pubblico la fonte nella sezione bibliografia. Carlo Stefanetti (msg) ",0,it,0.4756483,0
"Cazzate! E lo sapete bene, Vito e Blackcat. Comunque, a prescindere da chi sia realmente io, non si possono cancellare i contenuti che ho scritto solamente perché a scriverli è un utente bloccato. L evasione di un blocco andrebbe perseguita solamente quando vi siano dei contenuti discutibili da cancellare. Non mi pare che sia il mio caso. Ah, volevo ricordare che esiste il blocco a    tempo indeterminato   , non quello   permanente  ! 79.33.86.",1,it,0.48441732,0
"AHAHAH! Non so se te ne sei accorta, ma ne scrivete TANTE voi di cazzate spcciandole per cultura da enciclopedia.",1,it,0.4977216,0
"Che brutti tutti quei link rossi! Mi sa che li coloro un po ... se non ti rubo il lavoro, beninteso! D    Σ   lCAIRØ♭ ",0,it,0.49609077,0
"Io t ammazzo... in soldoni, vai qui (clicca sul testo blu) e scegliti un nick tuo. Poi cerca Domyinik nell elenco a destra. CAPITO? ",1,it,0.39599428,0
"posso anch io immaginare motivazioni simili, ma il tono non era POV, il fatto riferito e  notorio, contiene la replica di Travaglio. Mancano solo i references e e  perfetto. come io la pensi, o tu la pensi, sulla vicenda, non deve entrarci. sei un utente attivo, quello stuzzica? facciamogli vedere che qui le regole non solo vanno fatte rispettare ma si rispettano. inseriamo un citazione necessaria al limite. ciao, Borgolibero (msg) ",0,it,0.46840087,0
"I numeri indicano le posizioni all interno del template CronoparF: Quindi, significa che, se è presente la posizione 14 (es, |14=Crema (Italia)), allora la posizione 2 (es, |2=Crema) deve avere come wikilink la posizione 14: quindi  Crema (Italia)  e non  Crema , sennò sarebbe disambigua. Se, invece, non è presente la posizione 14, allora la posizione 2 è direttamente il wikilink. Faccio un altro esempio: significa che, se nella posizione 11 c è  dts , allora va dts, altrimenti le altre; se la posizione 11 è vuota, allora non andrà niente. Poi le parentesi graffe diciamo che raccolgono i costrutti delle varie funzioni. Ti consiglierei di leggere Aiuto:Funzioni parser per approfondire l argomento. GC85 (msg) ",0,it,0.42485917,0
Se è così allora cedo il passo a te e riccardo: vi metto sull altare e il primo che cade va all inferno.... -),0,it,0.48789904,0
incinta? del resto ti riportava le scatole di preservativi integri. Visto che ci sei traduci anche Lady Godiva che non c è nella wiki italiana.,0,it,0.48887476,0
"Grazie per l aggiornamento. Io avevo tamponato in emergenza per evitare il link rosso in homepage. Pensando di automatizzare la cosa, ho predisposto un templatino , peccato che non si possa intervenire su quanto viene resistituito dalla funzione, oggettivamente scomodo e bruttino... Paginazero - ",0,it,0.4639291,0
Ehi! Ma io ti picchio P A quest ora si va a nanna xD DarkAp89GTA ,0,it,0.5032689,1
"ho chiesto lumi allo spoertello, vediamo cosa rispondono e poi sistemo. non sarebbe male imparassi a firmarti, basta schiacciare un pulsantinoMpiz (msg) ",0,it,0.46737495,0
"Fatto. Si, si, tutto bene, così bene che ieri ho guardato i miei contributi e ho pensato  cazzo, è davvero da così tanto che non entro nemmeno? ... -) Buon lavoro, ",0,it,0.4292273,0
"La storicità dei Patriarchi va negata. Thomposon, 1974; Il loro carattere di pastori nomadi è illusorio. Grottanelli 1985 Ad eccezione dei movimenti dei  popoli del mare , nessun dato coevo, testuale o archeologico mostra l esistenza di una invasione della Palestina da un popolo proveniente dall esterno (Arata Mantovani, 1988) Nessun dato indica che dalla seconda metà del II millennio a.C. all inizio del I sia mai esistita nell area siro-palestinese una società tribale organizzata in modo fondamentalmente autonomo rispetto alle forme urbane e monarchiche del Vicino Oriente preclassico (Auld, 1987)",0,it,0.48108026,0
"ciao xilofono... ribadisco il mio invito a che tu sospenda la tua collaborazione alla voce... da me, qui, non sei gradito: ti trovo taleban-fascista-caporale!",1,it,0.46668708,0
" u cacchio mi dispiace O pensavo fossi andato in vacanza per pasqua.... tra l altro proprio oggi ho chiesto a Filippo se sapeva di te XD. Cmq le cose che ti ho chiesto le ho risolte, il 7° film l ho fatto, altre cose le ho inserite e ho traslitterato ciò che andava traslitterato XD. Un unica cosa ti chiedo, cosi mi rispondi solo si o no( e nn ti faccio affaticare): Shiryu, dato che sono passate due settimane, si può inserire in personale di impel down???DragonForce (msg) ",0,it,0.4873778,0
"visto che fai spesso patrolling, ti ho cucito quest avviso da mettere nelle pdd dei vari utenti o ip: Ciao, ho visto che hai inserito la notizia del fidanzamento del calciatore: ti ringrazio per il tuo contributo ma ho dovuto purtroppo annullarlo perchè, come da linea guida, non possiamo inserire notizie di questo genere per esempio perchè costituiscono recentismo. Grazie mille lo stesso.   .. visto che spiegarsi in questi casi è purtroppo stranecessario, altrimenti c è il rischio che si ripeta nell errore, puoi mettere questo bannerino, magari aggiustandolo un po  meglio ).. nel caso lo migliori (ci vorrebbe poco )..), mostralo anche agli altri ).. 151.12.11.",0,it,0.46056604,0
"lunedì, 29 marzo 2010 ho modificato un url di un collegamento esterno che non funzionava. L url è  http://www.satnews.it/vbforum/member.php?u=875  Ma il sito a cambiato indirizzo,(credo si chiami nome di dominio, ma non sono aicuro) da   www.satnews.it  a  www.satnews.tv.it . Quindi io ho solo aggiunto ion mezzo il pezzo  .tv  (www.satnews[.tv].it/), dopo aver verificato ed essermi assicurato che il nuovo url  http://www.satnews.it/vbforum/member.php?u=875  funzionasse. La questione è che il nuovo url funziona, ma non so se punta alla stessa pagina/contenuto, di quello vecchio. È la prima volta che visito questa voce e non ho mai aperto il link vecchio, quindi non so se il contenuto è lo stesso. Lo possono sapere oltre a chi ha creato il link, coloro che lo hanno visitato. Riassumo il link nuovo funziona, ma non so se è una correzione giusta, o funziona casualmente puntando a un altro contenuto. Dopo che avetre risolo la questione credo che potete cancellare tutto il mio pezzo di discussione dato sarà stupido e inutile dopo aver risolto la questione",0,it,0.48366755,0
"E` ovvio che una porcata, ma se guardi la cronologia di Evoluzione ti accorgi che qualche furbacchione stva infangando la voce. Se vuoi cancella pure. basta che non lo rimetti a evoluzione. Utente:giorgiomugnaini",0,it,0.4860148,0
"Scusa, ritiro tutto, non avevo visto che il link era più in alto -) Dardo    Rosso   |Scrivimi ",0,it,0.4716275,0
M avete strappato la giacca a forza di tirarla e adesso vado in giro nudo! Erinaceus (msg) ,0,it,0.49882734,0
La foto non è grandiosa... Se qualcuno ne trovasse una migliore non sarebbe male. Lemmy (msg) ,0,it,0.4829036,0
"Bisogna segnalare che per la detenzione perpetua della Coppa delle Fiere si è svolta una partita mirata a quell unico scopo, mentre nei casi citati sopra, ossia quelli della Coppa Rimet e della Coppa delle Coppe, non è stato giocato od organizzato nessun match per poter assegnare definitivamente la Coppa, bensì si parla di    ultimo vincitore    e di conseguente cessione del Trofeo originale, ma non si parla assolutamente di un    detentore perpetuo   , cosa che avviene invece per quanto riguarda la Coppa delle Fiere (la partita fu Barcellona - Leeds United 2-1). Quindi la mia proposta è la seguente: modificare il template stesso e, al posto di     Campione della Coppa delle Fiere    , mettere una dicitura fra queste:     Detentore perpetuo (o perenne) della Coppa delle Fiere     oppure semplicemente     Detentore della Coppa delle Fiere    . Io personalmente opterei per la prima, così la questione si risolverebbe una volta per tutte senza causare ulteriori dubbi e/o discussioni. Siete d accordo? Molder (msg) ",0,it,0.46786708,0
   Austroungarika      sgridami o elogiami        Austroungarika      sgridami o elogiami    ,0,it,0.49922758,0
"+1 a Armanduvol. PersOnLine: tra le disambigue Cotone/Cotton in genere non vi è similarità di contenuti, a parte il  significato principale . le altre voci sono lì per caso. molto più probabile trovare omologhe tra le disambigue identiche (es. Cotton (moto) - en:Cotton (motorcycle))Bultro (m) ",0,it,0.45247936,0
"La fonte è la rai stessa basta andare sulla pagina di Rai 4 su facebook e li c è scritto tutto. Sono nuovo in tutto questo quindi non so bene ancora come mettere le fonti, se vuoi controlla tu e aggiorna. ",0,it,0.4929248,0
"vaffanculo a tutti gli amministratori di wiki. Fammi un favore, cancella tu la mia utenza, sono stufo di cercare di capire come funziona wiki. Continuerò a consultarla, poichè la ritengo utile ed equilibrata. Buon lavoro!",1,it,0.4579738,0
Soprattutto non c è scritto che nella cultura di oggi il mulo è simbolo per antonomasia di testardaggine:  sei testardo come un mulo ; invece l asino (o somaro) è simbolo di ignoranza: quante volte gli alunni meno studiosi avranno sentito  sei un somaro .,0,it,0.48649555,0
Ho wikificato e corretto l italiano. Adesso però sarebbe opportuno che qualche patologo esperto in materia le desse un occhiata. -Ricce (msg) ,0,it,0.46237978,0
"grazie della lezione degna della pappardella da quinta elementare illustre M.M. dopo di che non hai la minima concezione di cosa sia la storia sociale o la storia dal basso, tanto meno la storia politica. Umile scribacchina, che con ciglio supebo, parli di metodo. Evita sporcare il lavoro altrui con la altezzosa ignoranza. Oplita",1,it,0.49665615,0
 Non c è ben niente da integrare. È una  curiosità  buona per i cretini che hanno reso questa pagina semiprotetta. 79.41.234.,1,it,0.47542068,0
Vi piace così il template??...Scusate però non sono riuscito a mettere il parametro Album di provenienza come il parametro Nome artista!!Perchè se non è un singolo non devi scrivere dall album !!se qualcuno riesce a far diventare la parola  dall album  invisibile a meno che non sia un singolo!!Dindo (msg) ,0,it,0.49280456,0
"Questa voce è la prova lampante del vostro squilibrio nel redarre le voci, tralasciate e obliterate validi studiosi e celebrate in toni agiografici personaggi di questo livello...",0,it,0.50132024,1
"Nel portoghese brasiliano il termine viado significa esattamente   prostituto che si serve della pederastia  . Però, così come accade col termine portoghese   puta  , che significa   prostituta  , il cui è anche usato come offesa contro le donne  libidinose , il termine   viado   è anche usato come una offesa contro gli omosessuali  libidinosi .",0,it,0.45393047,0
"Senti,ho chiesto scusa mi pare, che tu sia un avvocato non ti dà il diritto di offendere gli altri! COMUNQUE SCUSAMI SCUSAMI SCUSAMI SCUSAMI SCUSAMI SCUSAMI SCUSAMI SCU SAMI SCUSAMI SCUSAMI!!! contento? Ash",0,it,0.5003558,1
"Ciao, sono di nuovo io e ti disturbo per chiederti un parere: ho visto che la voce relativa a Genova Quinto è presente come  Quinto al    mare     (come titolo e anche all interno della voce). A mio parere questa denominazione è sbagliata. Non ho mai visto un nome di città composto in cui uno dei termini (che non sia un articolo o una preposizione) è minuscolo. Che ne dici? Io sarei dell idea che bisogna spostare la voce a  Quinto al    Mare    , aggiustando tutte le voci che puntano a  Quinto al    mare     ed    eliminando    poi il redirect da  Quinto al    mare     perché non è una denominazione alternativa ma semplicemente errata (come potrebbero esserlo  Frabosa sottana ,  Novi ligure  o  Sestri ponente ). Saluti  messaggio automatico del bot     E  disponibile un immagine alternativa: Immagine:CoA civ ITA genova.png     messaggio automatico del bot  messaggio automatico del bot     E  disponibile un immagine alternativa: Immagine:Flag of Liguria.svg     messaggio automatico del bot ",0,it,0.46664134,0
"IGNORANTISSIMO... che Dio ti maledica!!!! io voglio contribuire, ho solo messo dei punti come sta in tutte le città d Italia ma forse tu sei un pochino stronzo!!!",1,it,0.49588108,0
"Distruttivo ed insensato è quello che state facendo voi, State contribuendo a dare notizie improprie e davanti a fonti sicuramente valide, date dalla stessa cantante, negate l evidenza. Se credete di fare un corretto lavoro fate pure, ma non state contribuendo in modo corretto http://www.youtube.com/watch?v=QZQdVbqtwGo",0,it,0.48917627,0
e finiscila pirla d un pirla ! d alessio come cantante vale 2 centesimi e come uomo ancora meno. LO SANNO TUTTI. E  LA VERITA  e tu sei un vandalo !,1,it,0.49983114,0
"..come ho detto anche prima si potrebbero scrivere libri... ma credo converrete sul fatto che qua e la ci sono ancora molti link rossi.... prima di approffondire taluni argomenti credo personalmente sia il caso di dare una visione generale del tutto.... ) .. in quanto ai passaggi contorti credo che ti darò ancora da fare... è il problema di chi ha molte cose da dire e scrive di fretta... ) ... tra le altre mi rendo conto in questi passaggi di quanto sia difficile scrivere certe cose con un linguaggio e un dettaglio tecnico il più largamente comprensibile senza cadere nel banale... )) McSxp 18:47, Ott 21, 2004 (UTC)",0,it,0.4757993,0
"il male è nell appesantimento della lettura, scrivendo  del heavy metal  rendi la lettura faticosa perché la lette  H  in italiano ha suono muto e, di conseguenza, chi legge si ritrova a dire  del evi metal , con una chiara dissonanza dovuta all impossibilità di dire  dell evi metal . Oltre a ciò... prima di modificare una voce in vetrina, passa per favore dalla pagina di discussione, sto rileggendo il paragrafo che hai aggiunto in questi giorni e, ti assicuro, è scritto in modo pessimo; se almeno lo avessi postato in discussione avremmo potuto correggerlo prima di inserirlo. Altra cosa.... non ha fonti!!!!    Ş€ņpãİ - せんぱい       scrivimi    ",0,it,0.47978923,0
Trovo che l incipit sia eccessivo e sia da scorporare nella voce.    AndreaFox          bussa pure qui...      ,0,it,0.48567423,0
"Ok vedo che hai fatto ora però dovresti fare un altro lavoro, visto che la cronologia in questo stato fa veramente schifo, dovresti cancellarti la pagina utente, poi ripristini le versioni senza bestemmie, così sparisce anche il   nome   di quell   utente  .    Alexander VIII    ",0,it,0.48185557,0
Nella lista parziale sono inseriti diversi comuni senza indicazione di quali sarebbero i prodotti De.c.o. ḈḮṼẠ (msg) ,0,it,0.4846998,0
"Proposta abominevole e incommentabile. Si introduce un presunto diritto alla vita del concepito, che non esiste nella nostra legislazione. Si riducono ai minimi termini le motivazioni dei pro-choice. Si inventa, letteralmente, che sia  innegabile  scientificamente che la vita umana comincia all atto della fecondazione, con tutto quel che ne consegue. Il tutto viene ridotto a una quisquilia tipo: c è chi preferisce la vita, c è chi preferisce la libertà di scelta. Ridicolo e abominevole. Antiedipo (msg) ",0,it,0.4776479,0
" Azzarola, quanto li odio quei figli di Troia (ovviamente si intende la città anatolica dell Iliade -P) Allora, tornando a stella (magari Martina -P)... C è già il ... A questo punto credo che si dovrebbe riassumere parecchio la sezione (e, non so secondo te, ma forse anche un po  l incipit)... Comunque per Zeman c è la voce su en en:Zeeman-Doppler imaging ed è una tecnica che consente di visualizzare i campi magnetici delle stelle... io sarei tentato di lasciarlo così il titolo perché non saprei come tradurre  sto imaging    ĦeИЯyKus     dialoghi sopra i massimi sistemi   ",0,it,0.48234057,0
"In questa visione    la masturbazione è un espressione della sessualità nella quale manca l elemento relazionale   , e segna quindi un orientamento opposto a quello che Dio ha posto nell essere umano. In conseguenza, la chiesa cattolica, e molte altre chiese, considerano la masturbazione peccato. Contemplare il caso che la persona che masturba e quella che viene masturbata non coincidono è assolutamente esluso a quanto pare. Di fatto l articolo era impostato parlando della masturbazione solitaria. A quanto so, la masturbazione  reciproca  ha altri nomi (petting?). E anche en.wiki mette la  mutual masturbation  in un articolo a parte. Il giudizio morale della chiesa cattolica sulla masturbazione reciproca ha bisogno di ulteriori spiegazioni, che, visto che, a quanto mi sembra, l articolo non comprende la masturbazione mutua, qui non sono necessari. don Paolo - dimmi che te ne pare Lug 8, 2005 03:38 (CEST) Perché il paragrafo     Riflessione antropologica     si intitola così e non   Riflessione antropologica cattolica ? non c è niente in contrario a cambiarlo, comunque non penso che sia solo una riflessione cattolica, ma cristiana (però potrei sbagliarmi) don Paolo - dimmi che te ne pare Lug 8, 2005 03:38 (CEST)",0,it,0.46049374,0
"Cara Michela Vittoria Branbilla, sappi che chi urla più forte ha torto, ma è pur vero che chi parla sempre e non lascia parlare gli altri ha sempre ragione.",0,it,0.4898272,0
"Ho messo in cancellazione la tua voce L uomo libellula. Non è così che devi fare le voci. Devono essere meglio strutturate e, se vuoi, devono rispondere alla note cinque W anglo-sassoni. Vedi le pagine di aiuto e capirai. Buon lavoro.    Cl      oj    ",0,it,0.43383256,0
"Vorrei giusto fare presente che almeno la prima parte del mio contributo non ha nulla a che fare con ricerche originali, ma si basa su dati di fatto riscontrabili leggendo le trame dei due film e mettendo insieme gli indizi lasciati da Lynch",0,it,0.4952992,0
"Ti faccio notare che Domi95 ha accostato gli atei non semplicemente ai satanisti, ma alle  Bestie di Satana . E questo è inaccettabile. Quando ho scritto  la stupidità di accostare atei a satanisti , invece, mi riferivo al fatto che apparentemente questo ragazzo non capisce nemmeno che un ateo non può essere satanista, né un satanista ateo, e probabilmente mette chiunque non sia un fedele sostenitore della Chiesa di Roma nella categoria generale dei  nemici della fede e seguaci del demonio , cosa che ai nostri tempi non farebbe neppure Ratzinger. Sono sempre più dell idea che usare i babelfish per informare gli altri utenti di cosa uno detesti, pur essendo nella maggior parte dei casi un atteggiamento scherzoso e inoffensivo, si presta da parte di qualche utente immaturo (quale che sia la sua età), o volutamente provocatore, a derive deprecabili. Sarebbe ora di darci un taglio. Guido (msg) ",1,it,0.48457116,0
È possibile inserire le indicazioni per la norma eventualmente sostituita ( Riforma di )e per la norma dalla quale viene sostituita/riformata la legge ( Sostituita da  /  Riformata da )? Sarebbe utile per le leggi elettorali in modo che si possa passare da una norma all altra cronologicamente. M.casanova (msg) ,0,it,0.47253418,0
"Caro Alessandro, mi sa che in DB 184 ti sei dimenticato del riferimento in bibliografia… Cordialmente.   el   L   e   G   i   M   ark  @  Caro Alessandro, hai ragione, il riferimento c è ma non l ho visto. Ora funziona. Cordiali saluti.   el   L   e   G   i   M   ark  @  Ne avessimo di   pasticcioni   così!   el   L   e   G   i   M   ark  @ ",0,it,0.47626275,0
"Vabbé lascia pure perdere, tanto se nessuno si mette a guardare su almanacchi o giornali dell epoca per cercare il numero di presenze nel Trani in Serie B suppongo che verrà comunque cancellato (e dubito che qualcuno lo farà), e a quel punto non vedo cosa cambi.",0,it,0.48867017,0
"Ma che brutta la foto per la voce in vetrina su Francesco Guccini. Sembra un immagine per descrivere un alcolista, non un cantautore! 151.81.54.",0,it,0.49114862,0
conosci questa policy. Edita nuovamente la voce senza consenso e sarò costretto a bloccare la tua utenza ignis Fammi un ,0,it,0.49495387,0
"Per l idea che mi sono fatto nel poco tempo che ho dedicato alla cosa mi sembra che tra voi le cose si siano evolute in modo tale che qualsiasi cosa fa uno infastidisce l altro. Allora vista la situazione in cui vi trovate, si fotta (momentaneamente) la storiografia seria. Se ti è possibile invece di chiedere a lui le fonti, mettile tu. Oppure lascia perdere. Nel caso di Didio Gallo ad esempio, o ci sono due date in contrasto su quando divenne questore e allora si scrive ad esempio  nel 19 secondo tizio o nel 20 secondo caio , oppure se la data è incerta scrivere  probabilmente nel 19  va più che bene. Perché se vi rompete il cazzo su delle minuzie simili, la volta che andate a discutere su qualcosa di più grosso finite bannati tutti e due. Snowdog (bucalettere) ",1,it,0.48972732,0
"Ciao, I tecnici della Wikimedia Foundation stanno modificando il funzionamento delle utenze. Ciò fa parte dei nostri continui sforzi per fornire nuovi e migliori strumenti ai nostri utenti, come le notifiche interwiki. Di conseguenza, ogni utente avrà lo stesso nome utente su tutti i progetti. Ciò renderà possibili nuove funzioni per modificare e discutere meglio, nonché permessi utente più flessibili. In particolare, i nomi utente dovranno ora essere univoci in tutti i 900 progetti Wikimedia. Per maggiori informazioni, leggi l annuncio. Sfortunatamente, un altra persona usa il tuo nome utente,  Vincentvega , altrove. Per essere sicuri che in futuro entrambi possiate contribuire senza problemi ai nostri progetti, il tuo nome utente sarà cambiato in  Vincentvega~itwiki . Se ti piace, non serve che tu faccia nulla; ma puoi richiedere un nome utente diverso. La tua utenza funzionerà esattamente come prima e ti saranno attribuite tutte le modifiche che hai fatto, ma dovrai usare il tuo nuovo nome utente per accedere. Ci scusiamo per il disagio. Cordialmente,Keegan PeterzellCommunity Liaison, Wikimedia ",0,it,0.440936,0
"Continua questa stupida vicenda, dove qualcuno si diverte a mettere l opus 14 nelle sonate per violoncello pubblicate a Parigi. Non serve a nulla mettere la parentesi: le sonate per violoncello NON SONO OPERA XIV!! L attribuzione del numero di op. 14 è stata un aggiunta di qualche studioso moderno, credo alla fine del XIX o più probabilmente all inizio del XX secolo. Non ci importa niente che qualcuno le consideri op. 14: quella che fa fede è la numerazione messa da Vivaldi o comunque durante la sua vita, non 150 anni dopo!   Anoixe   (  dimmi pure...  ) ",0,it,0.49223167,0
" Ciao, fatto (diff). Il parametro  motivo  dev essere stato un vecchio refuso (lo rimuoverò col bot dalle pagine di discussione ove presente). Nel caso non visualizzassi le modifiche al pulsante, è solo un problema di cache, prova a svuotare la cache del browser. Rotpunkt (msg) ",0,it,0.4496909,0
"Io mi sono rotto le palle e me ne vado dalla discussione, sono stanco di essere insultato. Se ti serve qualche informazione sono sempre a disposizione, se invece hai bisogno delle fonti puoi chiedere a JR che aveva scritto quel paragrafo. Se hai davvero intenzione di seguire quella discussione armati di molti calmanti, che ti serviranno. Ciao      Jalo      ",1,it,0.4856144,0
"Ciao, I tecnici della Wikimedia Foundation stanno modificando il funzionamento delle utenze. Ciò fa parte dei nostri continui sforzi per fornire nuovi e migliori strumenti ai nostri utenti, come le notifiche interwiki. Di conseguenza, ogni utente avrà lo stesso nome utente su tutti i progetti. Ciò renderà possibili nuove funzioni per modificare e discutere meglio, nonché permessi utente più flessibili. In particolare, i nomi utente dovranno ora essere univoci in tutti i 900 progetti Wikimedia. Per maggiori informazioni, leggi l annuncio. Sfortunatamente, un altra persona usa il tuo nome utente,  Acosta , altrove. Per essere sicuri che in futuro entrambi possiate contribuire senza problemi ai nostri progetti, il tuo nome utente sarà cambiato in  Acosta~itwiki . Se ti piace, non serve che tu faccia nulla; ma puoi richiedere un nome utente diverso. La tua utenza funzionerà esattamente come prima e ti saranno attribuite tutte le modifiche che hai fatto, ma dovrai usare il tuo nuovo nome utente per accedere. Ci scusiamo per il disagio. Cordialmente,Keegan PeterzellCommunity Liaison, Wikimedia ",0,it,0.44545102,0
"Ti ringrazio del benvenuto, e mi dispiace essere così in ritardo. P.S. Se ti va di riguardare le voci che ho tradotto finora (sono solo due, e le trovi nella mia pagina utente), ti sarei molto obbligato. Ciauzz! GS ",0,it,0.46908566,0
"Ciao, 79.40.147.102 è un niubbo che sta tentando di modificare una pagina, evita di annullargli le modifiche col LiveRC a meno che non stia facendo grossi danni. ",0,it,0.49346715,0
"A parte la tua cazzata, perche  non sai con chi stai  dialogando , ma non si tratta delle mie opinioni, bensi  di chi ha  inventato  il calcio scritto in Italia. Ignorante. E presuntuoso.",1,it,0.4584994,0
"Sì ok, ma se lo dico io è una cavolata, se lo dice qualcun altro è giusto. Ripeto, smettila di venire ad annullare qualsiasi mio intervento nelle pagine che ti interessano (tranne ovviamente quando non sono errati). Altrimenti ti segnalo, perché non se ne può più.Stefy J (msg) ",0,it,0.4756997,0
"Allora è semplice, credo: crea una nuova sezione che chiami  Critiche  e ci metti cio che ci devi mettere. Ricordati che in it.wiki non sono molto graditi i lavoro originali, dunque non le   tue   critiche, ma un riassunto di quanto scritto da altri a sfavore delle teorie, impostazioni, regole o del  movimento sedicente equo-solidale  (e non al  comm   eq   sol , credo che ci stiamo capendo). Buon lavoro! Tomi 10:38, Set 30, 2004 (UTC) Se non trovo castronate non credo che interverrò più di tanto. Ti chiedo solo di   arricchire   l articolo e non ti   tagliarlo  .",0,it,0.45744136,0
"Ciao, ho visto che hai rimodificato il link  Aggiungi la tua , io avevo messo quello verso il nuovo sistema di richieste pensando che così le richieste venivano fatte direttamente li. Ppalli  Effettivamente non posso contraddirti, proverò a vedere se mi viene in mente un idea migliore. Per la rotazione, si mi sono accorto che mi hai lasciato tutto il lavoro ;-), avevo iniziato sostituendoti quei giorni nei quali eri in sciopero ma mi sono reso conto che quando non lo faccio io non c è più nessuno che lo fa, quindi se ti va bene in futuro ti avvertirò quando mi dovrò assentare per lunghi periodi, ok? Ppalli ",0,it,0.47430083,0
"Ciao, ho notato il tuo  fix corposo  effettuato alla voce Torano_di_Borgorose, grazie. Volevo chiederti come mai ha tolto la festa patronale del 15 agosto (Santa Maria Assunta) altrettanto importante come quella che hai lasciato. Volevo anche farti notare che nella sezione  Riferimenti  il link esterno che hai aggiunto riporta una dicitura inesatta in quanto la pagina esterna parla prevalentemente del martirio di Santa Anatolia e non solo di Sant Audace come da te riportato. Non so se procedere con la modifica o se ci pensi tu... fammi sapere. Ciao e grazie per l interessamento alla voce del mio paese. ",0,it,0.47352988,0
ma se oggi è il 27 aprile... come fa essere il vicepremier dal 28 aprile? se gli piglia un accidenti? aspettare il giuramento no? è un enciclopedia mica un agenzia di stampa,0,it,0.49747136,0
"Se il problema e  che le citazioni nell incipit non devono essere toppo lunghe, ne  diventare un luogo per  tifare  per la propria voce preferita, e quindi devono essere regolamentate come avviene per altre sezioni calde (es i collegamenti esterni a rischio spam), questo dovrebbe esserci scritto, e non  le citazioni sono cacca quindi guai a voi se ce le mettete, e se le avete messe avete fatto un lavoro da incapaci .",0,it,0.48834735,0
"Ma io non ho riportato alcuna posizione delle associazioni LGBT. Quelle frasi di contesto non riportano alcun   dibattito  . Sono informazioni acquisite, tant è che sono espresse da associazioni scientifiche di primissimo rilievo in ambito medico e/o psicologico. Harlock81 (msg) ",0,it,0.46826783,0
"Il mio parere spassionato di utente che non ha partecipato né alla stesura della voce, né alla procedura di valutazione, e nemmeno ha letto completamente la voce con troppa attenzione, è che no, una voce con problemi di questo tipo non dovrebbe stare in vetrina. Phyrexian ",0,it,0.48887774,0
"Più che altro mi conflitti e mandi off il mio, inoltre, il report è alla vecchia maniera, non negarlo P    F      K!    ",0,it,0.49122378,0
"Ciao, I tecnici della Wikimedia Foundation stanno modificando il funzionamento delle utenze. Ciò fa parte dei nostri continui sforzi per fornire nuovi e migliori strumenti ai nostri utenti, come le notifiche interwiki. Di conseguenza, ogni utente avrà lo stesso nome utente su tutti i progetti. Ciò renderà possibili nuove funzioni per modificare e discutere meglio, nonché permessi utente più flessibili. In particolare, i nomi utente dovranno ora essere univoci in tutti i 900 progetti Wikimedia. Per maggiori informazioni, leggi l annuncio. Sfortunatamente, un altra persona usa il tuo nome utente,  Alex977 , altrove. Per essere sicuri che in futuro entrambi possiate contribuire senza problemi ai nostri progetti, il tuo nome utente sarà cambiato in  Alex977~itwiki . Se ti piace, non serve che tu faccia nulla; ma puoi richiedere un nome utente diverso. La tua utenza funzionerà esattamente come prima e ti saranno attribuite tutte le modifiche che hai fatto, ma dovrai usare il tuo nuovo nome utente per accedere. Ci scusiamo per il disagio. Cordialmente,Keegan PeterzellCommunity Liaison, Wikimedia ",0,it,0.44909757,0
"Questa è una delle cose che fanno definire questo template una schifezza allo stato universale, -). IL template si chiama Template:Motociclette della MotoGP (quindi si limita alle MotoGp) ma nel template viene scritto Motociclette partecipanti al motomondiale nella classe maggiore, questo a conferma che il creatore di questa cosa (scusate se la definisco in questo modo) non ha usato molto la logica elementare (come spesso gli capita). Io direi di non perderci molto tempo, anche perchè non abbiamo nessuna voce di una moto CRT (e spero di non trovarne mai su it.wiki) pertanto interpretiamo come MotoGP e non mettiamo le CRT, se proprio si vuole, modifichiamo il template...se proprio vogliamo, -).Alfonso Galuba (msg) ",0,it,0.4709303,0
"Vediamo se vi piace: leviamo la voce dall indice delle nozione di diritto civile, e creiamo nella voce locazione un paragrafo dedicato al concetto di immobile occupato in ordine alle vicende del contratto di locazione quando il proprietario locatore trasferisce ad altri la proprietà dell immobile. Nella sezione penalistica si potrebbe inserire una voce dedicata al reato di cui al 633 c.p. con un rinvio alla trattazione sociologica del fenomeno squatter. Adelchi, se è per questo anche il concetto di bene immobile rubato non è alieno all ordinamento, ma non tratti la fattispecie come si trattasse di uno status del bene, bensì la tratti rispetto alla condotta (furto).",0,it,0.48671505,0
"NO ora basta non dirmi sempre che ho torto io. Wiki la fate fnzionare come volete. Se sono io che cancello tutto dite che è vandalismo se lo fanno gliatri sono le regole, A me sta cosa puzza. ",0,it,0.5019709,1
"Beh, ammetto che ne passa di differenza tra una TT F1 e una CRT, ma entrambe sono motociclette con ciclistica da prototipo e motore di serie profondamente elaborato. Io mi riferivo a questo e volevo far notare la non-novità del concetto alla base delle CRT. Micap (msg) ",0,it,0.48755574,0
"Ciao, la tua osservazione è parzialmente corretta e concorderei con te se non fosse che con i Siculi si comprendono non solo quelli di Transilvania, ma anche quelli di Vojvodina e questi  sconfinano  territorialmente in Ungheria. Inoltre molti dei Siculi di Transilvania risiedono oramai stabilmente in Ungheria (ma questo non è determinante). Per questi motivi la situazione di Siculi e Csángó non può essere considerata perfettamente parallela dato che i Csángó restano isolati nella Romania orientale. Ciao. ",0,it,0.4829948,0
"Ciao, I tecnici della Wikimedia Foundation stanno modificando il funzionamento delle utenze. Ciò fa parte dei nostri continui sforzi per fornire nuovi e migliori strumenti ai nostri utenti, come le notifiche interwiki. Di conseguenza, ogni utente avrà lo stesso nome utente su tutti i progetti. Ciò renderà possibili nuove funzioni per modificare e discutere meglio, nonché permessi utente più flessibili. In particolare, i nomi utente dovranno ora essere univoci in tutti i 900 progetti Wikimedia. Per maggiori informazioni, leggi l annuncio. Sfortunatamente, un altra persona usa il tuo nome utente,  Danifa , altrove. Per essere sicuri che in futuro entrambi possiate contribuire senza problemi ai nostri progetti, il tuo nome utente sarà cambiato in  Danifa~itwiki . Se ti piace, non serve che tu faccia nulla; ma puoi richiedere un nome utente diverso. La tua utenza funzionerà esattamente come prima e ti saranno attribuite tutte le modifiche che hai fatto, ma dovrai usare il tuo nuovo nome utente per accedere. Ci scusiamo per il disagio. Cordialmente,Keegan PeterzellCommunity Liaison, Wikimedia ",0,it,0.44367713,0
"Nella lista mancano 2 terremoti del 2003 che si sono avvertiti almeno nel nord Italia, quindi deduco che non sia una lista completa al 100%. C è qualcuno che mi sa dire se posso inserire le due date oppure se sono state tralasciate apposta per qualche motivo (magari è una lista che volutamente non elenca tutti i terremoti ma solo alcuni)? Lorenz-pictures / pagina di ",0,it,0.48423108,0
" Porca miseria, allora è bisogno che la cancello. Io onestamente sapevo che non si poteva copiare, però dai siti che detengono il copyright, mentre dal sito dell Istat o cose simili, tipo cia factbook, nazioni unite ecc... credevo non ci fossero problemi. Cancello? GiuseppeLuci (msg) ",0,it,0.47495642,0
Ho visto che Cotton ti ha già spiegato (e fatto) tutto qui sotto. ) 「   Tw   ice·29 (disc.)」 ,0,it,0.4808547,0
"Sì grazie. Dovrei aver reso ancora più chiaro. Riporto anche nella voce Trittia. Il numero di demi per ogni trittia era variabile? Mentre dalla voce Boulé deduco che la popolazione di ogni demo era differente, e in base a quella venivano distribuiti i 50 membri della Boulé spettanti a ogni tribù. 109.54.24.",0,it,0.48717862,0
"Ci ho dato un occhiata... e mi sembra in effetti un macello -) Penso che nella categoria ci debbano stare solo voci che trattano esplicitamente il tema dei diritti animali, anche se non come tema principale (per esempio fois gras, che sulle prime mi pareva pazzesca come voce nella categoria, dopo averla letta direi che ci può stare). Per le sottocategorie, mi sembrano   tutte   da togliere; infatti a mio parere una categoria dovrebbe essere sottocategoria di  Diritti animali  solo in uno di due casi: raccoglie voci su un argomento che è intrinsecamente legato all argomento principale; per esempio, ipotetiche categorie  Fautori dei diritti animali  o anche  Vegetarianismo  potrebbero starci; raccoglie voci che sono tutte attinenti ai diritti animali. :Categoria:Circo, per esempio, non va bene, perché in linea di principio molte voci (per esempio sui clown) coi diritti animali non c entrano niente. Non so se hai voglia di fare pulizia tu; io al momento sono preso con un lavoro di riorganizzazione di Categoria:Storia dell Africa. Nel caso fammi sapere se vuoi che ci pensi io, me lo appunto nella mia  to do list . Grazie della segnalazione & buon lavoro ",0,it,0.4740897,0
Questa voce è piena di luoghi comuni pseudo-scientifici. Andrebbe pesantemente revisionata oppure bannata. Quella poi che il lupo ibrido è predisposto all attacco degli umani è una solenne minchiata! Gli attacchi agli umani (che in Europa non si registrano da almeno 150 anni) nella maggior parte dei casi sono stati portati da esemplari rabidi (idrofobi).,0,it,0.49316603,0
